,time,H(sa),H(da),H(sp),H(dp),H(flg),H(byt)
0,2016-06-22,6.110685176422109,6.753549184656835,6.1744162900593125,5.720905365060254,1.9955705812872826,6.395632902271329
